{"cameraMode":{"drawMode":0,"name":"Shaded","section":"Shading Mode"},"sceneLighting":false,"audioPlay":false,"sceneViewState":{"showFog":true,"showMaterialUpdate":false,"showSkybox":false,"showFlares":true,"showImageEffects":true,"showParticleSystems":true},"in2DMode":false,"pivot":{"x":0.007306456565856934,"y":0.22782762348651887,"z":-0.07893435657024384},"rotation":{"x":0.1971268653869629,"y":-0.20132066309452058,"z":0.04138432815670967,"w":0.9585995674133301},"size":1.8460042476654053,"orthographic":false}