{"cameraMode":{"drawMode":0,"name":"Shaded","section":"Shading Mode"},"sceneLighting":true,"audioPlay":false,"sceneViewState":{"showFog":true,"showMaterialUpdate":false,"showSkybox":true,"showFlares":true,"showImageEffects":true,"showParticleSystems":true},"in2DMode":false,"pivot":{"x":7.635332107543945,"y":0.6290798187255859,"z":0.9520020484924316},"rotation":{"x":0.07673218846321106,"y":-0.008978287689387799,"z":0.0006806075107306242,"w":0.9970187544822693},"size":1.700545310974121,"orthographic":false}